,VIRT,RES,SHR,CPU%,% Run,File
0,1.795916,0.067904,48.912,6.6,0.2140640051375361,yolo_192-fp16.tflite_d1_m2_t1.log
1,1.8298,0.12352,78.912,100.0,3.4464304827143315,yolo_192-fp16.tflite_d1_m2_t1.log
2,1.834944,0.128436,79.232,100.3,6.689500160548004,yolo_192-fp16.tflite_d1_m2_t1.log
3,1.835232,0.129024,79.424,100.0,9.921866638124797,yolo_192-fp16.tflite_d1_m2_t1.log
4,1.835364,0.129064,79.424,99.7,13.143529915444715,yolo_192-fp16.tflite_d1_m2_t1.log
5,1.835364,0.129072,79.424,100.0,16.375896393021513,yolo_192-fp16.tflite_d1_m2_t1.log
6,1.835696,0.129524,79.424,100.3,19.61896607085518,yolo_192-fp16.tflite_d1_m2_t1.log
7,1.82808,0.129912,79.424,100.0,22.851332548431984,yolo_192-fp16.tflite_d1_m2_t1.log
8,1.828296,0.130104,79.424,100.0,26.083699026008777,yolo_192-fp16.tflite_d1_m2_t1.log
9,1.841332,0.1344,79.424,99.7,29.305362303328693,yolo_192-fp16.tflite_d1_m2_t1.log
10,1.841332,0.1344,79.424,100.3,32.548431981162366,yolo_192-fp16.tflite_d1_m2_t1.log
11,1.843008,0.137448,80.18,100.0,35.78079845873916,yolo_192-fp16.tflite_d1_m2_t1.log
12,1.843008,0.13682,79.436,100.0,39.01316493631596,yolo_192-fp16.tflite_d1_m2_t1.log
13,1.843008,0.136912,79.5,100.0,42.24553141389275,yolo_192-fp16.tflite_d1_m2_t1.log
14,1.843008,0.136912,79.5,100.0,45.477897891469546,yolo_192-fp16.tflite_d1_m2_t1.log
15,1.843008,0.136948,79.5,99.7,48.699561168789465,yolo_192-fp16.tflite_d1_m2_t1.log
16,1.843008,0.136948,79.5,100.0,51.93192764636626,yolo_192-fp16.tflite_d1_m2_t1.log
17,1.837236,0.131212,79.536,100.3,55.17499732419993,yolo_192-fp16.tflite_d1_m2_t1.log
18,2.122152,0.14944,80.116,99.7,58.396660601519855,yolo_192-fp16.tflite_d1_m2_t1.log
19,2.139688,0.425068,80.412,62.9,60.43026865032645,yolo_192-fp16.tflite_d1_m2_t1.log
20,2.139688,0.425068,80.412,9.2,60.729958257519,yolo_192-fp16.tflite_d1_m2_t1.log
21,2.139688,0.425068,80.412,8.6,61.00824146419779,yolo_192-fp16.tflite_d1_m2_t1.log
22,2.139688,0.425068,80.412,8.6,61.28652467087659,yolo_192-fp16.tflite_d1_m2_t1.log
23,2.139688,0.425068,80.412,9.2,61.58621427806914,yolo_192-fp16.tflite_d1_m2_t1.log
24,2.139688,0.425068,80.412,8.6,61.86449748474793,yolo_192-fp16.tflite_d1_m2_t1.log
25,2.139688,0.425068,80.412,8.9,62.153483891683614,yolo_192-fp16.tflite_d1_m2_t1.log
26,2.139688,0.425068,80.412,9.3,62.453173498876154,yolo_192-fp16.tflite_d1_m2_t1.log
27,2.139688,0.425068,80.412,8.9,62.74215990581183,yolo_192-fp16.tflite_d1_m2_t1.log
28,2.139688,0.425068,80.412,8.9,63.03114631274751,yolo_192-fp16.tflite_d1_m2_t1.log
29,2.139688,0.425068,80.412,8.6,63.309429519426295,yolo_192-fp16.tflite_d1_m2_t1.log
30,2.139688,0.425068,80.412,9.2,63.60911912661885,yolo_192-fp16.tflite_d1_m2_t1.log
31,2.139688,0.425068,80.412,8.9,63.89810553355453,yolo_192-fp16.tflite_d1_m2_t1.log
32,2.139688,0.425068,80.412,8.9,64.1870919404902,yolo_192-fp16.tflite_d1_m2_t1.log
33,2.139688,0.425068,80.412,8.9,64.47607834742588,yolo_192-fp16.tflite_d1_m2_t1.log
34,2.139688,0.425068,80.412,8.9,64.76506475436155,yolo_192-fp16.tflite_d1_m2_t1.log
35,2.139688,0.425068,80.412,8.6,65.04334796104035,yolo_192-fp16.tflite_d1_m2_t1.log
36,2.139688,0.425068,80.412,8.9,65.33233436797602,yolo_192-fp16.tflite_d1_m2_t1.log
37,2.139688,0.425068,80.412,8.9,65.6213207749117,yolo_192-fp16.tflite_d1_m2_t1.log
38,2.139688,0.425068,80.412,8.6,65.89960398159049,yolo_192-fp16.tflite_d1_m2_t1.log
39,2.139688,0.425068,80.412,8.9,66.18859038852617,yolo_192-fp16.tflite_d1_m2_t1.log
40,2.139688,0.425068,80.412,8.9,66.47757679546183,yolo_192-fp16.tflite_d1_m2_t1.log
41,2.139688,0.425068,80.412,8.6,66.75586000214064,yolo_192-fp16.tflite_d1_m2_t1.log
42,2.139688,0.425068,80.412,8.9,67.04484640907631,yolo_192-fp16.tflite_d1_m2_t1.log
43,2.139688,0.425068,80.412,9.3,67.34453601626886,yolo_192-fp16.tflite_d1_m2_t1.log
44,2.139688,0.425068,80.412,8.9,67.63352242320452,yolo_192-fp16.tflite_d1_m2_t1.log
45,2.139688,0.425068,80.412,8.6,67.91180562988333,yolo_192-fp16.tflite_d1_m2_t1.log
46,2.139688,0.425068,80.412,8.3,68.17938563630526,yolo_192-fp16.tflite_d1_m2_t1.log
47,2.139688,0.425068,80.412,9.6,68.48977844375467,yolo_192-fp16.tflite_d1_m2_t1.log
48,2.139688,0.425068,80.412,8.9,68.77876485069035,yolo_192-fp16.tflite_d1_m2_t1.log
49,2.139688,0.425068,80.412,8.9,69.06775125762603,yolo_192-fp16.tflite_d1_m2_t1.log
50,2.139688,0.425068,80.412,8.9,69.35673766456169,yolo_192-fp16.tflite_d1_m2_t1.log
51,2.139688,0.425068,80.412,9.6,69.66713047201112,yolo_192-fp16.tflite_d1_m2_t1.log
52,2.139688,0.425068,80.412,8.6,69.94541367868992,yolo_192-fp16.tflite_d1_m2_t1.log
53,2.139688,0.425068,80.412,9.3,70.24510328588246,yolo_192-fp16.tflite_d1_m2_t1.log
54,2.139688,0.425068,80.412,8.9,70.53408969281816,yolo_192-fp16.tflite_d1_m2_t1.log
55,2.139688,0.425068,80.412,9.6,70.84448250026757,yolo_192-fp16.tflite_d1_m2_t1.log
56,2.139688,0.425068,80.412,9.3,71.14417210746012,yolo_192-fp16.tflite_d1_m2_t1.log
57,2.139688,0.425068,80.412,8.9,71.43315851439579,yolo_192-fp16.tflite_d1_m2_t1.log
58,2.139688,0.425068,80.412,8.9,71.72214492133148,yolo_192-fp16.tflite_d1_m2_t1.log
59,2.139688,0.425068,80.412,8.6,72.00042812801027,yolo_192-fp16.tflite_d1_m2_t1.log
60,2.139688,0.425068,80.412,8.9,72.28941453494595,yolo_192-fp16.tflite_d1_m2_t1.log
61,2.139688,0.425068,80.412,9.2,72.58910414213848,yolo_192-fp16.tflite_d1_m2_t1.log
62,2.139688,0.425068,80.412,8.9,72.87809054907417,yolo_192-fp16.tflite_d1_m2_t1.log
63,2.139688,0.425068,80.412,9.2,73.17778015626672,yolo_192-fp16.tflite_d1_m2_t1.log
64,2.139688,0.425068,80.412,8.9,73.46676656320238,yolo_192-fp16.tflite_d1_m2_t1.log
65,2.139688,0.425068,80.412,8.6,73.7450497698812,yolo_192-fp16.tflite_d1_m2_t1.log
66,2.139688,0.425068,80.412,9.2,74.04473937707374,yolo_192-fp16.tflite_d1_m2_t1.log
67,2.139688,0.425068,80.412,9.2,74.3444289842663,yolo_192-fp16.tflite_d1_m2_t1.log
68,2.139688,0.425068,80.412,8.9,74.63341539120196,yolo_192-fp16.tflite_d1_m2_t1.log
69,2.139688,0.425068,80.412,8.9,74.92240179813764,yolo_192-fp16.tflite_d1_m2_t1.log
70,2.139688,0.425068,80.412,8.9,75.2113882050733,yolo_192-fp16.tflite_d1_m2_t1.log
71,2.139688,0.425068,80.412,8.6,75.48967141175211,yolo_192-fp16.tflite_d1_m2_t1.log
72,2.139688,0.425068,80.412,8.6,75.7679546184309,yolo_192-fp16.tflite_d1_m2_t1.log
73,2.139688,0.425068,80.412,8.9,76.05694102536658,yolo_192-fp16.tflite_d1_m2_t1.log
74,2.139688,0.425068,80.412,9.2,76.35663063255913,yolo_192-fp16.tflite_d1_m2_t1.log
75,2.139688,0.425068,80.412,8.9,76.64561703949481,yolo_192-fp16.tflite_d1_m2_t1.log
76,2.139688,0.425068,80.412,8.6,76.9239002461736,yolo_192-fp16.tflite_d1_m2_t1.log
77,2.139688,0.425068,80.412,8.9,77.21288665310927,yolo_192-fp16.tflite_d1_m2_t1.log
78,2.139688,0.425068,80.412,8.9,77.50187306004494,yolo_192-fp16.tflite_d1_m2_t1.log
79,2.139688,0.425068,80.412,8.6,77.78015626672374,yolo_192-fp16.tflite_d1_m2_t1.log
80,2.139688,0.425068,80.412,9.2,78.0798458739163,yolo_192-fp16.tflite_d1_m2_t1.log
81,2.139688,0.425068,80.412,9.3,78.37953548110886,yolo_192-fp16.tflite_d1_m2_t1.log
82,2.139688,0.425068,80.412,8.6,78.65781868778764,yolo_192-fp16.tflite_d1_m2_t1.log
83,2.139688,0.425068,80.412,8.6,78.93610189446643,yolo_192-fp16.tflite_d1_m2_t1.log
84,2.139688,0.425068,80.412,9.3,79.235791501659,yolo_192-fp16.tflite_d1_m2_t1.log
85,2.139688,0.425068,80.412,9.2,79.53548110885154,yolo_192-fp16.tflite_d1_m2_t1.log
86,2.139688,0.425068,80.412,8.9,79.8244675157872,yolo_192-fp16.tflite_d1_m2_t1.log
87,2.139688,0.425068,80.412,9.2,80.12415712297977,yolo_192-fp16.tflite_d1_m2_t1.log
88,2.139688,0.425068,80.412,8.9,80.41314352991543,yolo_192-fp16.tflite_d1_m2_t1.log
89,2.139688,0.425068,80.412,8.3,80.68072353633735,yolo_192-fp16.tflite_d1_m2_t1.log
90,2.139688,0.425068,80.412,8.6,80.95900674301616,yolo_192-fp16.tflite_d1_m2_t1.log
91,2.139688,0.425068,80.412,9.6,81.2693995504656,yolo_192-fp16.tflite_d1_m2_t1.log
92,2.139688,0.425068,80.412,9.9,81.5904955581719,yolo_192-fp16.tflite_d1_m2_t1.log
93,2.139688,0.425068,80.412,9.6,81.90088836562131,yolo_192-fp16.tflite_d1_m2_t1.log
94,2.139688,0.425068,80.412,9.6,82.21128117307074,yolo_192-fp16.tflite_d1_m2_t1.log
95,2.139688,0.425068,80.412,9.9,82.53237718077705,yolo_192-fp16.tflite_d1_m2_t1.log
96,2.139688,0.425068,80.412,9.6,82.84276998822648,yolo_192-fp16.tflite_d1_m2_t1.log
97,2.139688,0.425068,80.412,9.6,83.1531627956759,yolo_192-fp16.tflite_d1_m2_t1.log
98,2.139688,0.425068,80.412,9.3,83.45285240286844,yolo_192-fp16.tflite_d1_m2_t1.log
99,2.139688,0.425068,80.412,10.2,83.78465161083163,yolo_192-fp16.tflite_d1_m2_t1.log
100,2.139688,0.425068,80.412,9.6,84.09504441828105,yolo_192-fp16.tflite_d1_m2_t1.log
101,2.139688,0.425068,80.412,9.6,84.40543722573048,yolo_192-fp16.tflite_d1_m2_t1.log
102,2.139688,0.425068,80.412,9.9,84.72653323343678,yolo_192-fp16.tflite_d1_m2_t1.log
103,2.139688,0.425068,80.412,9.9,85.04762924114311,yolo_192-fp16.tflite_d1_m2_t1.log
104,2.139688,0.425068,80.412,9.9,85.36872524884942,yolo_192-fp16.tflite_d1_m2_t1.log
105,2.139688,0.425068,80.412,9.6,85.67911805629882,yolo_192-fp16.tflite_d1_m2_t1.log
106,2.139688,0.425068,80.412,9.6,85.98951086374825,yolo_192-fp16.tflite_d1_m2_t1.log
107,2.139688,0.425068,80.412,9.6,86.29990367119767,yolo_192-fp16.tflite_d1_m2_t1.log
108,2.139688,0.425068,80.412,10.2,86.63170287916087,yolo_192-fp16.tflite_d1_m2_t1.log
109,2.139688,0.425068,80.412,9.9,86.95279888686717,yolo_192-fp16.tflite_d1_m2_t1.log
110,2.139688,0.425068,80.412,9.6,87.2631916943166,yolo_192-fp16.tflite_d1_m2_t1.log
111,2.139688,0.425068,80.412,9.9,87.5842877020229,yolo_192-fp16.tflite_d1_m2_t1.log
112,2.139688,0.425068,80.412,9.2,87.88397730921544,yolo_192-fp16.tflite_d1_m2_t1.log
113,2.139688,0.425068,80.412,9.6,88.19437011666487,yolo_192-fp16.tflite_d1_m2_t1.log
114,2.139688,0.425068,80.412,9.9,88.51546612437117,yolo_192-fp16.tflite_d1_m2_t1.log
115,2.139688,0.425068,80.412,9.6,88.8258589318206,yolo_192-fp16.tflite_d1_m2_t1.log
116,2.139688,0.425068,80.412,10.2,89.15765813978379,yolo_192-fp16.tflite_d1_m2_t1.log
117,2.139688,0.425068,80.412,9.9,89.4787541474901,yolo_192-fp16.tflite_d1_m2_t1.log
118,2.139688,0.425068,80.412,9.9,89.79985015519641,yolo_192-fp16.tflite_d1_m2_t1.log
119,2.139688,0.425068,80.412,9.9,90.1209461629027,yolo_192-fp16.tflite_d1_m2_t1.log
120,2.139688,0.425068,80.412,8.9,90.40993256983838,yolo_192-fp16.tflite_d1_m2_t1.log
121,2.139688,0.425068,80.412,8.9,90.69891897677405,yolo_192-fp16.tflite_d1_m2_t1.log
122,2.139688,0.425068,80.412,9.9,91.02001498448034,yolo_192-fp16.tflite_d1_m2_t1.log
123,2.139688,0.425068,80.412,9.3,91.3197045916729,yolo_192-fp16.tflite_d1_m2_t1.log
124,2.139688,0.425068,80.412,9.6,91.63009739912233,yolo_192-fp16.tflite_d1_m2_t1.log
125,2.139688,0.425068,80.412,9.6,91.94049020657177,yolo_192-fp16.tflite_d1_m2_t1.log
126,2.139688,0.425068,80.412,9.6,92.25088301402118,yolo_192-fp16.tflite_d1_m2_t1.log
127,2.139688,0.425068,80.412,9.9,92.57197902172749,yolo_192-fp16.tflite_d1_m2_t1.log
128,2.139688,0.425068,80.412,9.6,92.88237182917692,yolo_192-fp16.tflite_d1_m2_t1.log
129,2.139688,0.425068,80.412,9.6,93.19276463662634,yolo_192-fp16.tflite_d1_m2_t1.log
130,2.139688,0.425068,80.412,9.6,93.50315744407577,yolo_192-fp16.tflite_d1_m2_t1.log
131,2.139688,0.425068,80.412,8.9,93.79214385101145,yolo_192-fp16.tflite_d1_m2_t1.log
132,2.139688,0.425068,80.412,9.9,94.11323985871776,yolo_192-fp16.tflite_d1_m2_t1.log
133,2.139688,0.425068,80.412,9.2,94.41292946591031,yolo_192-fp16.tflite_d1_m2_t1.log
134,2.139688,0.425068,80.412,9.2,94.71261907310284,yolo_192-fp16.tflite_d1_m2_t1.log
135,2.139688,0.425068,80.412,9.3,95.0123086802954,yolo_192-fp16.tflite_d1_m2_t1.log
136,2.139688,0.425068,80.412,9.6,95.32270148774484,yolo_192-fp16.tflite_d1_m2_t1.log
137,2.139688,0.425068,80.412,9.6,95.63309429519425,yolo_192-fp16.tflite_d1_m2_t1.log
138,2.139688,0.425068,80.412,9.3,95.9327839023868,yolo_192-fp16.tflite_d1_m2_t1.log
139,2.139688,0.425068,80.412,9.6,96.24317670983623,yolo_192-fp16.tflite_d1_m2_t1.log
140,2.139688,0.425068,80.412,9.9,96.56427271754254,yolo_192-fp16.tflite_d1_m2_t1.log
141,2.139688,0.425068,80.412,9.9,96.88536872524884,yolo_192-fp16.tflite_d1_m2_t1.log
142,2.139688,0.425068,80.412,9.9,97.20646473295514,yolo_192-fp16.tflite_d1_m2_t1.log
143,2.139688,0.425068,80.412,9.6,97.51685754040457,yolo_192-fp16.tflite_d1_m2_t1.log
144,2.139688,0.425068,80.412,9.6,97.827250347854,yolo_192-fp16.tflite_d1_m2_t1.log
145,2.139688,0.425068,80.412,9.6,98.13764315530342,yolo_192-fp16.tflite_d1_m2_t1.log
146,2.139688,0.425068,80.412,9.6,98.44803596275285,yolo_192-fp16.tflite_d1_m2_t1.log
147,2.139688,0.425068,80.412,9.6,98.75842877020229,yolo_192-fp16.tflite_d1_m2_t1.log
148,2.139688,0.425068,80.412,9.2,99.05811837739483,yolo_192-fp16.tflite_d1_m2_t1.log
149,2.139688,0.425068,80.412,9.6,99.36851118484427,yolo_192-fp16.tflite_d1_m2_t1.log
150,2.139688,0.425068,80.412,9.9,99.68960719255057,yolo_192-fp16.tflite_d1_m2_t1.log
151,2.139688,0.425068,80.412,9.6,100.0,yolo_192-fp16.tflite_d1_m2_t1.log
0,1.795968,0.068808,49.764,6.6,0.3097413659594239,yolo_480-fp16.tflite_d1_m2_t1.log
1,1.8299,0.124488,79.74,100.0,4.986835991946725,yolo_480-fp16.tflite_d1_m2_t1.log
2,1.835048,0.129556,80.204,100.0,9.663930617934026,yolo_480-fp16.tflite_d1_m2_t1.log
3,1.83534,0.130212,80.46,100.0,14.341025243921326,yolo_480-fp16.tflite_d1_m2_t1.log
4,1.835472,0.13026,80.46,100.0,19.018119869908627,yolo_480-fp16.tflite_d1_m2_t1.log
5,1.835472,0.13026,80.46,100.0,23.69521449589593,yolo_480-fp16.tflite_d1_m2_t1.log
6,1.835804,0.130696,80.46,100.0,28.372309121883234,yolo_480-fp16.tflite_d1_m2_t1.log
7,1.82824,0.131084,80.46,100.0,33.04940374787053,yolo_480-fp16.tflite_d1_m2_t1.log
8,1.828404,0.131276,80.46,100.0,37.72649837385783,yolo_480-fp16.tflite_d1_m2_t1.log
9,1.84142,0.135556,80.46,100.0,42.40359299984513,yolo_480-fp16.tflite_d1_m2_t1.log
10,1.84142,0.135556,80.46,100.0,47.08068762583243,yolo_480-fp16.tflite_d1_m2_t1.log
11,1.842524,0.138052,81.184,100.0,51.75778225181974,yolo_480-fp16.tflite_d1_m2_t1.log
12,1.843092,0.138016,80.488,100.0,56.43487687780704,yolo_480-fp16.tflite_d1_m2_t1.log
13,1.843092,0.1381,80.548,100.0,61.11197150379434,yolo_480-fp16.tflite_d1_m2_t1.log
14,1.843092,0.1381,80.548,100.0,65.78906612978163,yolo_480-fp16.tflite_d1_m2_t1.log
15,1.843232,0.138136,80.548,100.0,70.46616075576894,yolo_480-fp16.tflite_d1_m2_t1.log
16,1.843232,0.138136,80.548,100.0,75.14325538175625,yolo_480-fp16.tflite_d1_m2_t1.log
17,1.83746,0.132364,80.548,99.7,79.80486293944557,yolo_480-fp16.tflite_d1_m2_t1.log
18,1.83746,0.132368,80.548,100.0,84.48195756543286,yolo_480-fp16.tflite_d1_m2_t1.log
19,2.146156,0.428852,81.416,72.2,87.85813845439058,yolo_480-fp16.tflite_d1_m2_t1.log
20,2.146156,0.428852,81.416,5.6,88.12141861545611,yolo_480-fp16.tflite_d1_m2_t1.log
21,2.146156,0.428852,81.416,5.6,88.38469877652162,yolo_480-fp16.tflite_d1_m2_t1.log
22,2.146156,0.428852,81.416,5.3,88.63249186928914,yolo_480-fp16.tflite_d1_m2_t1.log
23,2.146156,0.428852,81.416,5.9,88.91125909865264,yolo_480-fp16.tflite_d1_m2_t1.log
24,2.146156,0.428852,81.416,5.3,89.15905219142017,yolo_480-fp16.tflite_d1_m2_t1.log
25,2.146156,0.428852,81.416,5.3,89.40684528418771,yolo_480-fp16.tflite_d1_m2_t1.log
26,2.146156,0.428852,81.416,5.3,89.65463837695525,yolo_480-fp16.tflite_d1_m2_t1.log
27,2.146156,0.428852,81.416,5.3,89.90243146972279,yolo_480-fp16.tflite_d1_m2_t1.log
28,2.146156,0.428852,81.416,5.3,90.15022456249034,yolo_480-fp16.tflite_d1_m2_t1.log
29,2.146156,0.428852,81.416,5.3,90.39801765525787,yolo_480-fp16.tflite_d1_m2_t1.log
30,2.146156,0.428852,81.416,5.3,90.64581074802541,yolo_480-fp16.tflite_d1_m2_t1.log
31,2.146156,0.428852,81.416,5.6,90.90909090909093,yolo_480-fp16.tflite_d1_m2_t1.log
32,2.146156,0.428852,81.416,5.3,91.15688400185846,yolo_480-fp16.tflite_d1_m2_t1.log
33,2.146156,0.428852,81.416,5.6,91.42016416292397,yolo_480-fp16.tflite_d1_m2_t1.log
34,2.146156,0.428852,81.416,5.3,91.6679572556915,yolo_480-fp16.tflite_d1_m2_t1.log
35,2.146156,0.428852,81.416,5.6,91.93123741675701,yolo_480-fp16.tflite_d1_m2_t1.log
36,2.146156,0.428852,81.416,5.0,92.16354344122658,yolo_480-fp16.tflite_d1_m2_t1.log
37,2.146156,0.428852,81.416,5.6,92.4268236022921,yolo_480-fp16.tflite_d1_m2_t1.log
38,2.146156,0.428852,81.416,5.3,92.67461669505964,yolo_480-fp16.tflite_d1_m2_t1.log
39,2.146156,0.428852,81.416,5.3,92.92240978782718,yolo_480-fp16.tflite_d1_m2_t1.log
40,2.146156,0.428852,81.416,5.3,93.17020288059472,yolo_480-fp16.tflite_d1_m2_t1.log
41,2.146156,0.428852,81.416,5.6,93.43348304166022,yolo_480-fp16.tflite_d1_m2_t1.log
42,2.146156,0.428852,81.416,5.3,93.68127613442778,yolo_480-fp16.tflite_d1_m2_t1.log
43,2.146156,0.428852,81.416,5.6,93.94455629549327,yolo_480-fp16.tflite_d1_m2_t1.log
44,2.146156,0.428852,81.416,5.3,94.19234938826081,yolo_480-fp16.tflite_d1_m2_t1.log
45,2.146156,0.428852,81.416,5.6,94.45562954932633,yolo_480-fp16.tflite_d1_m2_t1.log
46,2.146156,0.428852,81.416,5.0,94.68793557379588,yolo_480-fp16.tflite_d1_m2_t1.log
47,2.146156,0.428852,81.416,5.3,94.93572866656342,yolo_480-fp16.tflite_d1_m2_t1.log
48,2.146156,0.428852,81.416,5.6,95.19900882762894,yolo_480-fp16.tflite_d1_m2_t1.log
49,2.146156,0.428852,81.416,5.3,95.44680192039648,yolo_480-fp16.tflite_d1_m2_t1.log
50,2.146156,0.428852,81.416,5.6,95.71008208146199,yolo_480-fp16.tflite_d1_m2_t1.log
51,2.146156,0.428852,81.416,5.3,95.95787517422953,yolo_480-fp16.tflite_d1_m2_t1.log
52,2.146156,0.428852,81.416,5.6,96.22115533529504,yolo_480-fp16.tflite_d1_m2_t1.log
53,2.146156,0.428852,81.416,5.3,96.46894842806257,yolo_480-fp16.tflite_d1_m2_t1.log
54,2.146156,0.428852,81.416,5.9,96.74771565742606,yolo_480-fp16.tflite_d1_m2_t1.log
55,2.146156,0.428852,81.416,5.3,96.99550875019361,yolo_480-fp16.tflite_d1_m2_t1.log
56,2.146156,0.428852,81.416,5.6,97.2587889112591,yolo_480-fp16.tflite_d1_m2_t1.log
57,2.146156,0.428852,81.416,5.3,97.50658200402665,yolo_480-fp16.tflite_d1_m2_t1.log
58,2.146156,0.428852,81.416,5.0,97.73888802849622,yolo_480-fp16.tflite_d1_m2_t1.log
59,2.146156,0.428852,81.416,5.3,97.98668112126376,yolo_480-fp16.tflite_d1_m2_t1.log
60,2.146156,0.428852,81.416,5.3,98.2344742140313,yolo_480-fp16.tflite_d1_m2_t1.log
61,2.146156,0.428852,81.416,5.3,98.48226730679885,yolo_480-fp16.tflite_d1_m2_t1.log
62,2.146156,0.428852,81.416,5.6,98.74554746786434,yolo_480-fp16.tflite_d1_m2_t1.log
63,2.146156,0.428852,81.416,5.3,98.99334056063188,yolo_480-fp16.tflite_d1_m2_t1.log
64,2.146156,0.428852,81.416,5.6,99.2566207216974,yolo_480-fp16.tflite_d1_m2_t1.log
65,2.146156,0.428852,81.416,5.3,99.50441381446493,yolo_480-fp16.tflite_d1_m2_t1.log
66,2.146156,0.428852,81.416,5.3,99.75220690723246,yolo_480-fp16.tflite_d1_m2_t1.log
67,2.146156,0.428852,81.416,5.3,100.0,yolo_480-fp16.tflite_d1_m2_t1.log
0,1.795932,0.068212,49.212,6.6,0.2665245202558636,yolo_288-fp16.tflite_d1_m2_t1.log
1,1.829788,0.123892,79.24,100.0,4.291044776119404,yolo_288-fp16.tflite_d1_m2_t1.log
2,1.834964,0.12882,79.564,100.0,8.315565031982944,yolo_288-fp16.tflite_d1_m2_t1.log
3,1.835256,0.129408,79.756,100.0,12.340085287846483,yolo_288-fp16.tflite_d1_m2_t1.log
4,1.835388,0.129448,79.756,99.7,16.35127931769723,yolo_288-fp16.tflite_d1_m2_t1.log
5,1.835388,0.129456,79.756,100.3,20.389125799573563,yolo_288-fp16.tflite_d1_m2_t1.log
6,1.83572,0.129904,79.756,99.7,24.40031982942431,yolo_288-fp16.tflite_d1_m2_t1.log
7,1.8281,0.130292,79.756,100.0,28.424840085287844,yolo_288-fp16.tflite_d1_m2_t1.log
8,1.82832,0.130484,79.756,100.3,32.462686567164184,yolo_288-fp16.tflite_d1_m2_t1.log
9,1.841352,0.134776,79.756,100.0,36.487206823027726,yolo_288-fp16.tflite_d1_m2_t1.log
10,1.841352,0.13478,79.756,99.7,40.49840085287847,yolo_288-fp16.tflite_d1_m2_t1.log
11,1.843008,0.137776,80.468,100.0,44.522921108742004,yolo_288-fp16.tflite_d1_m2_t1.log
12,1.843008,0.137288,79.772,100.3,48.56076759061834,yolo_288-fp16.tflite_d1_m2_t1.log
13,1.843008,0.137316,79.772,99.7,52.57196162046909,yolo_288-fp16.tflite_d1_m2_t1.log
14,1.843008,0.137316,79.772,100.0,56.596481876332625,yolo_288-fp16.tflite_d1_m2_t1.log
15,1.843148,0.137352,79.772,100.3,60.63432835820897,yolo_288-fp16.tflite_d1_m2_t1.log
16,1.843148,0.137352,79.772,99.7,64.6455223880597,yolo_288-fp16.tflite_d1_m2_t1.log
17,1.837376,0.13162,79.812,100.3,68.68336886993605,yolo_288-fp16.tflite_d1_m2_t1.log
18,2.122292,0.1486,80.472,100.0,72.70788912579958,yolo_288-fp16.tflite_d1_m2_t1.log
19,2.141124,0.4255,80.716,61.3,75.17324093816632,yolo_288-fp16.tflite_d1_m2_t1.log
20,2.141124,0.4255,80.716,6.6,75.43976545842219,yolo_288-fp16.tflite_d1_m2_t1.log
21,2.141124,0.4255,80.716,6.6,75.70628997867806,yolo_288-fp16.tflite_d1_m2_t1.log
22,2.141124,0.4255,80.716,6.6,75.9728144989339,yolo_288-fp16.tflite_d1_m2_t1.log
23,2.141124,0.4255,80.716,6.6,76.23933901918977,yolo_288-fp16.tflite_d1_m2_t1.log
24,2.141124,0.4255,80.716,6.6,76.50586353944563,yolo_288-fp16.tflite_d1_m2_t1.log
25,2.141124,0.4255,80.716,6.6,76.7723880597015,yolo_288-fp16.tflite_d1_m2_t1.log
26,2.141124,0.4255,80.716,6.6,77.03891257995737,yolo_288-fp16.tflite_d1_m2_t1.log
27,2.141124,0.4255,80.716,6.6,77.30543710021323,yolo_288-fp16.tflite_d1_m2_t1.log
28,2.141124,0.4255,80.716,6.6,77.57196162046908,yolo_288-fp16.tflite_d1_m2_t1.log
29,2.141124,0.4255,80.716,6.6,77.83848614072495,yolo_288-fp16.tflite_d1_m2_t1.log
30,2.141124,0.4255,80.716,6.3,78.09168443496802,yolo_288-fp16.tflite_d1_m2_t1.log
31,2.141124,0.4255,80.716,6.6,78.35820895522389,yolo_288-fp16.tflite_d1_m2_t1.log
32,2.141124,0.4255,80.716,6.6,78.62473347547976,yolo_288-fp16.tflite_d1_m2_t1.log
33,2.141124,0.4255,80.716,7.0,78.90458422174841,yolo_288-fp16.tflite_d1_m2_t1.log
34,2.141124,0.4255,80.716,6.6,79.17110874200426,yolo_288-fp16.tflite_d1_m2_t1.log
35,2.141124,0.4255,80.716,6.6,79.43763326226014,yolo_288-fp16.tflite_d1_m2_t1.log
36,2.141124,0.4255,80.716,6.6,79.704157782516,yolo_288-fp16.tflite_d1_m2_t1.log
37,2.141124,0.4255,80.716,6.6,79.97068230277186,yolo_288-fp16.tflite_d1_m2_t1.log
38,2.141124,0.4255,80.716,6.3,80.22388059701494,yolo_288-fp16.tflite_d1_m2_t1.log
39,2.141124,0.4255,80.716,6.6,80.4904051172708,yolo_288-fp16.tflite_d1_m2_t1.log
40,2.141124,0.4255,80.716,7.0,80.77025586353945,yolo_288-fp16.tflite_d1_m2_t1.log
41,2.141124,0.4255,80.716,6.6,81.03678038379533,yolo_288-fp16.tflite_d1_m2_t1.log
42,2.141124,0.4255,80.716,6.6,81.30330490405117,yolo_288-fp16.tflite_d1_m2_t1.log
43,2.141124,0.4255,80.716,6.9,81.58315565031984,yolo_288-fp16.tflite_d1_m2_t1.log
44,2.141124,0.4255,80.716,6.6,81.8496801705757,yolo_288-fp16.tflite_d1_m2_t1.log
45,2.141124,0.4255,80.716,6.6,82.11620469083157,yolo_288-fp16.tflite_d1_m2_t1.log
46,2.141124,0.4255,80.716,6.9,82.39605543710023,yolo_288-fp16.tflite_d1_m2_t1.log
47,2.141124,0.4255,80.716,6.3,82.6492537313433,yolo_288-fp16.tflite_d1_m2_t1.log
48,2.141124,0.4255,80.716,6.6,82.91577825159916,yolo_288-fp16.tflite_d1_m2_t1.log
49,2.141124,0.4255,80.716,6.6,83.18230277185502,yolo_288-fp16.tflite_d1_m2_t1.log
50,2.141124,0.4255,80.716,6.6,83.44882729211088,yolo_288-fp16.tflite_d1_m2_t1.log
51,2.141124,0.4255,80.716,6.6,83.71535181236675,yolo_288-fp16.tflite_d1_m2_t1.log
52,2.141124,0.4255,80.716,6.6,83.98187633262262,yolo_288-fp16.tflite_d1_m2_t1.log
53,2.141124,0.4255,80.716,7.0,84.26172707889125,yolo_288-fp16.tflite_d1_m2_t1.log
54,2.141124,0.4255,80.716,6.6,84.52825159914713,yolo_288-fp16.tflite_d1_m2_t1.log
55,2.141124,0.4255,80.716,6.3,84.78144989339019,yolo_288-fp16.tflite_d1_m2_t1.log
56,2.141124,0.4255,80.716,6.6,85.04797441364606,yolo_288-fp16.tflite_d1_m2_t1.log
57,2.141124,0.4255,80.716,6.6,85.31449893390193,yolo_288-fp16.tflite_d1_m2_t1.log
58,2.141124,0.4255,80.716,6.6,85.58102345415779,yolo_288-fp16.tflite_d1_m2_t1.log
59,2.141124,0.4255,80.716,6.6,85.84754797441366,yolo_288-fp16.tflite_d1_m2_t1.log
60,2.141124,0.4255,80.716,6.6,86.11407249466953,yolo_288-fp16.tflite_d1_m2_t1.log
61,2.141124,0.4255,80.716,6.6,86.38059701492537,yolo_288-fp16.tflite_d1_m2_t1.log
62,2.141124,0.4255,80.716,6.6,86.64712153518124,yolo_288-fp16.tflite_d1_m2_t1.log
63,2.141124,0.4255,80.716,6.6,86.91364605543711,yolo_288-fp16.tflite_d1_m2_t1.log
64,2.141124,0.4255,80.716,6.3,87.16684434968018,yolo_288-fp16.tflite_d1_m2_t1.log
65,2.141124,0.4255,80.716,7.0,87.44669509594884,yolo_288-fp16.tflite_d1_m2_t1.log
66,2.141124,0.4255,80.716,6.6,87.7132196162047,yolo_288-fp16.tflite_d1_m2_t1.log
67,2.141124,0.4255,80.716,6.6,87.97974413646055,yolo_288-fp16.tflite_d1_m2_t1.log
68,2.141124,0.4255,80.716,6.6,88.24626865671644,yolo_288-fp16.tflite_d1_m2_t1.log
69,2.141124,0.4255,80.716,7.0,88.52611940298509,yolo_288-fp16.tflite_d1_m2_t1.log
70,2.141124,0.4255,80.716,6.9,88.80597014925374,yolo_288-fp16.tflite_d1_m2_t1.log
71,2.141124,0.4255,80.716,6.3,89.0591684434968,yolo_288-fp16.tflite_d1_m2_t1.log
72,2.141124,0.4255,80.716,6.6,89.32569296375267,yolo_288-fp16.tflite_d1_m2_t1.log
73,2.141124,0.4255,80.716,6.6,89.59221748400854,yolo_288-fp16.tflite_d1_m2_t1.log
74,2.141124,0.4255,80.716,6.6,89.85874200426441,yolo_288-fp16.tflite_d1_m2_t1.log
75,2.141124,0.4255,80.716,6.6,90.12526652452027,yolo_288-fp16.tflite_d1_m2_t1.log
76,2.141124,0.4255,80.716,6.9,90.40511727078892,yolo_288-fp16.tflite_d1_m2_t1.log
77,2.141124,0.4255,80.716,6.6,90.67164179104478,yolo_288-fp16.tflite_d1_m2_t1.log
78,2.141124,0.4255,80.716,6.3,90.92484008528785,yolo_288-fp16.tflite_d1_m2_t1.log
79,2.141124,0.4255,80.716,6.6,91.19136460554373,yolo_288-fp16.tflite_d1_m2_t1.log
80,2.141124,0.4255,80.716,6.6,91.45788912579957,yolo_288-fp16.tflite_d1_m2_t1.log
81,2.141124,0.4255,80.716,6.9,91.73773987206825,yolo_288-fp16.tflite_d1_m2_t1.log
82,2.141124,0.4255,80.716,6.6,92.0042643923241,yolo_288-fp16.tflite_d1_m2_t1.log
83,2.141124,0.4255,80.716,6.9,92.28411513859275,yolo_288-fp16.tflite_d1_m2_t1.log
84,2.141124,0.4255,80.716,6.6,92.55063965884864,yolo_288-fp16.tflite_d1_m2_t1.log
85,2.141124,0.4255,80.716,6.6,92.8171641791045,yolo_288-fp16.tflite_d1_m2_t1.log
86,2.141124,0.4255,80.716,6.6,93.08368869936035,yolo_288-fp16.tflite_d1_m2_t1.log
87,2.141124,0.4255,80.716,6.6,93.35021321961621,yolo_288-fp16.tflite_d1_m2_t1.log
88,2.141124,0.4255,80.716,6.3,93.60341151385929,yolo_288-fp16.tflite_d1_m2_t1.log
89,2.141124,0.4255,80.716,6.9,93.88326226012794,yolo_288-fp16.tflite_d1_m2_t1.log
90,2.141124,0.4255,80.716,6.6,94.14978678038382,yolo_288-fp16.tflite_d1_m2_t1.log
91,2.141124,0.4255,80.716,6.6,94.41631130063966,yolo_288-fp16.tflite_d1_m2_t1.log
92,2.141124,0.4255,80.716,6.6,94.68283582089553,yolo_288-fp16.tflite_d1_m2_t1.log
93,2.141124,0.4255,80.716,6.3,94.9360341151386,yolo_288-fp16.tflite_d1_m2_t1.log
94,2.141124,0.4255,80.716,6.6,95.20255863539447,yolo_288-fp16.tflite_d1_m2_t1.log
95,2.141124,0.4255,80.716,6.6,95.46908315565034,yolo_288-fp16.tflite_d1_m2_t1.log
96,2.141124,0.4255,80.716,6.6,95.7356076759062,yolo_288-fp16.tflite_d1_m2_t1.log
97,2.141124,0.4255,80.716,6.6,96.00213219616205,yolo_288-fp16.tflite_d1_m2_t1.log
98,2.141124,0.4255,80.716,6.9,96.28198294243072,yolo_288-fp16.tflite_d1_m2_t1.log
99,2.141124,0.4255,80.716,6.3,96.53518123667378,yolo_288-fp16.tflite_d1_m2_t1.log
100,2.141124,0.4255,80.716,6.6,96.80170575692965,yolo_288-fp16.tflite_d1_m2_t1.log
101,2.141124,0.4255,80.716,6.6,97.06823027718552,yolo_288-fp16.tflite_d1_m2_t1.log
102,2.141124,0.4255,80.716,6.6,97.33475479744136,yolo_288-fp16.tflite_d1_m2_t1.log
103,2.141124,0.4255,80.716,6.6,97.60127931769723,yolo_288-fp16.tflite_d1_m2_t1.log
104,2.141124,0.4255,80.716,7.3,97.8944562899787,yolo_288-fp16.tflite_d1_m2_t1.log
105,2.141124,0.4255,80.716,6.0,98.13432835820896,yolo_288-fp16.tflite_d1_m2_t1.log
106,2.141124,0.4255,80.716,6.6,98.40085287846483,yolo_288-fp16.tflite_d1_m2_t1.log
107,2.141124,0.4255,80.716,6.9,98.68070362473348,yolo_288-fp16.tflite_d1_m2_t1.log
108,2.141124,0.4255,80.716,6.3,98.93390191897655,yolo_288-fp16.tflite_d1_m2_t1.log
109,2.141124,0.4255,80.716,6.6,99.20042643923242,yolo_288-fp16.tflite_d1_m2_t1.log
110,2.141124,0.4255,80.716,6.6,99.46695095948829,yolo_288-fp16.tflite_d1_m2_t1.log
111,2.141124,0.4255,80.716,6.9,99.74680170575694,yolo_288-fp16.tflite_d1_m2_t1.log
112,2.141124,0.4255,80.716,6.3,100.0,yolo_288-fp16.tflite_d1_m2_t1.log
0,1.797124,0.069032,48.888,7.0,0.3407431445724485,yolo_672-fp16.tflite_d1_m2_t1.log
1,1.829992,0.12332,78.508,100.0,5.240954080804803,yolo_672-fp16.tflite_d1_m2_t1.log
2,1.835168,0.128264,78.848,100.0,10.141165017037157,yolo_672-fp16.tflite_d1_m2_t1.log
3,1.835456,0.128848,79.04,100.0,15.041375953269508,yolo_672-fp16.tflite_d1_m2_t1.log
4,1.835592,0.1289,79.04,99.7,19.925361025474604,yolo_672-fp16.tflite_d1_m2_t1.log
5,1.835592,0.1289,79.04,100.3,24.841797825734222,yolo_672-fp16.tflite_d1_m2_t1.log
6,1.835928,0.129348,79.04,100.0,29.74200876196657,yolo_672-fp16.tflite_d1_m2_t1.log
7,1.828344,0.129736,79.04,100.0,34.64221969819893,yolo_672-fp16.tflite_d1_m2_t1.log
8,1.82852,0.129924,79.04,99.7,39.52620477040402,yolo_672-fp16.tflite_d1_m2_t1.log
9,1.841552,0.134212,79.04,100.3,44.44264157066364,yolo_672-fp16.tflite_d1_m2_t1.log
10,1.841552,0.134212,79.04,100.0,49.34285250689599,yolo_672-fp16.tflite_d1_m2_t1.log
11,1.842512,0.136536,79.852,99.7,54.22683757910109,yolo_672-fp16.tflite_d1_m2_t1.log
12,1.843212,0.136632,79.04,100.0,59.127048515333435,yolo_672-fp16.tflite_d1_m2_t1.log
13,1.843212,0.13676,79.144,100.0,64.0272594515658,yolo_672-fp16.tflite_d1_m2_t1.log
14,1.843212,0.13676,79.144,100.0,68.92747038779814,yolo_672-fp16.tflite_d1_m2_t1.log
15,1.84336,0.1368,79.144,100.0,73.82768132403051,yolo_672-fp16.tflite_d1_m2_t1.log
16,1.84336,0.1368,79.144,100.0,78.72789226026286,yolo_672-fp16.tflite_d1_m2_t1.log
17,1.837588,0.13112,79.176,100.0,83.6281031964952,yolo_672-fp16.tflite_d1_m2_t1.log
18,1.837588,0.131124,79.176,100.0,88.52831413272757,yolo_672-fp16.tflite_d1_m2_t1.log
19,2.157136,0.431584,80.1,73.5,92.13045594677916,yolo_672-fp16.tflite_d1_m2_t1.log
20,2.157136,0.431632,80.1,3.6,92.30894045107901,yolo_672-fp16.tflite_d1_m2_t1.log
21,2.157136,0.431632,80.1,2.6,92.4387473632971,yolo_672-fp16.tflite_d1_m2_t1.log
22,2.157136,0.431632,80.1,3.0,92.58478013954243,yolo_672-fp16.tflite_d1_m2_t1.log
23,2.157136,0.431632,80.1,3.0,92.73081291578777,yolo_672-fp16.tflite_d1_m2_t1.log
24,2.157136,0.431632,80.1,3.0,92.8768456920331,yolo_672-fp16.tflite_d1_m2_t1.log
25,2.157136,0.431632,80.1,3.0,93.02287846827842,yolo_672-fp16.tflite_d1_m2_t1.log
26,2.157136,0.431632,80.1,3.3,93.18513710855103,yolo_672-fp16.tflite_d1_m2_t1.log
27,2.157136,0.431632,80.1,3.0,93.33116988479637,yolo_672-fp16.tflite_d1_m2_t1.log
28,2.157136,0.431632,80.1,2.6,93.46097679701444,yolo_672-fp16.tflite_d1_m2_t1.log
29,2.157136,0.431632,80.1,3.0,93.60700957325977,yolo_672-fp16.tflite_d1_m2_t1.log
30,2.157136,0.431632,80.1,3.0,93.75304234950511,yolo_672-fp16.tflite_d1_m2_t1.log
31,2.157136,0.431632,80.1,2.6,93.88284926172318,yolo_672-fp16.tflite_d1_m2_t1.log
32,2.157136,0.431632,80.1,3.3,94.04510790199578,yolo_672-fp16.tflite_d1_m2_t1.log
33,2.157136,0.431632,80.1,2.6,94.17491481421385,yolo_672-fp16.tflite_d1_m2_t1.log
34,2.157136,0.431632,80.1,3.0,94.3209475904592,yolo_672-fp16.tflite_d1_m2_t1.log
35,2.157136,0.431632,80.1,3.6,94.49943209475904,yolo_672-fp16.tflite_d1_m2_t1.log
36,2.157136,0.431632,80.1,2.6,94.62923900697712,yolo_672-fp16.tflite_d1_m2_t1.log
37,2.157136,0.431632,80.1,3.0,94.77527178322245,yolo_672-fp16.tflite_d1_m2_t1.log
38,2.157136,0.431632,80.1,3.0,94.92130455946779,yolo_672-fp16.tflite_d1_m2_t1.log
39,2.157136,0.431632,80.1,3.0,95.06733733571313,yolo_672-fp16.tflite_d1_m2_t1.log
40,2.157136,0.431632,80.1,2.6,95.19714424793119,yolo_672-fp16.tflite_d1_m2_t1.log
41,2.157136,0.431632,80.1,2.6,95.32695116014928,yolo_672-fp16.tflite_d1_m2_t1.log
42,2.157136,0.431632,80.1,3.3,95.48920980042188,yolo_672-fp16.tflite_d1_m2_t1.log
43,2.157136,0.431632,80.1,3.0,95.6352425766672,yolo_672-fp16.tflite_d1_m2_t1.log
44,2.157136,0.431632,80.1,3.3,95.79750121693979,yolo_672-fp16.tflite_d1_m2_t1.log
45,2.157136,0.431632,80.1,3.0,95.94353399318514,yolo_672-fp16.tflite_d1_m2_t1.log
46,2.157136,0.431632,80.1,3.0,96.08956676943046,yolo_672-fp16.tflite_d1_m2_t1.log
47,2.157136,0.431632,80.1,2.6,96.21937368164853,yolo_672-fp16.tflite_d1_m2_t1.log
48,2.157136,0.431632,80.1,3.0,96.36540645789388,yolo_672-fp16.tflite_d1_m2_t1.log
49,2.157136,0.431632,80.1,3.0,96.5114392341392,yolo_672-fp16.tflite_d1_m2_t1.log
50,2.157136,0.431632,80.1,3.0,96.65747201038455,yolo_672-fp16.tflite_d1_m2_t1.log
51,2.157136,0.431632,80.1,2.6,96.78727892260262,yolo_672-fp16.tflite_d1_m2_t1.log
52,2.157136,0.431632,80.1,3.0,96.93331169884797,yolo_672-fp16.tflite_d1_m2_t1.log
53,2.157136,0.431632,80.1,3.0,97.0793444750933,yolo_672-fp16.tflite_d1_m2_t1.log
54,2.157136,0.431632,80.1,3.3,97.24160311536589,yolo_672-fp16.tflite_d1_m2_t1.log
55,2.157136,0.431632,80.1,3.0,97.38763589161123,yolo_672-fp16.tflite_d1_m2_t1.log
56,2.157136,0.431632,80.1,2.6,97.5174428038293,yolo_672-fp16.tflite_d1_m2_t1.log
57,2.157136,0.431632,80.1,3.0,97.66347558007463,yolo_672-fp16.tflite_d1_m2_t1.log
58,2.157136,0.431632,80.1,3.0,97.80950835631998,yolo_672-fp16.tflite_d1_m2_t1.log
59,2.157136,0.431632,80.1,3.0,97.9555411325653,yolo_672-fp16.tflite_d1_m2_t1.log
60,2.157136,0.431632,80.1,3.0,98.10157390881065,yolo_672-fp16.tflite_d1_m2_t1.log
61,2.157136,0.431632,80.1,3.0,98.24760668505597,yolo_672-fp16.tflite_d1_m2_t1.log
62,2.157136,0.431632,80.1,2.6,98.37741359727406,yolo_672-fp16.tflite_d1_m2_t1.log
63,2.157136,0.431632,80.1,3.0,98.52344637351939,yolo_672-fp16.tflite_d1_m2_t1.log
64,2.157136,0.431632,80.1,3.6,98.70193087781924,yolo_672-fp16.tflite_d1_m2_t1.log
65,2.157136,0.431632,80.1,2.6,98.83173779003731,yolo_672-fp16.tflite_d1_m2_t1.log
66,2.157136,0.431632,80.1,3.0,98.97777056628266,yolo_672-fp16.tflite_d1_m2_t1.log
67,2.157136,0.431632,80.1,3.0,99.12380334252799,yolo_672-fp16.tflite_d1_m2_t1.log
68,2.157136,0.431632,80.1,2.6,99.25361025474606,yolo_672-fp16.tflite_d1_m2_t1.log
69,2.157136,0.431632,80.1,3.0,99.39964303099138,yolo_672-fp16.tflite_d1_m2_t1.log
70,2.157136,0.431632,80.1,3.0,99.54567580723673,yolo_672-fp16.tflite_d1_m2_t1.log
71,2.157136,0.431632,80.1,3.0,99.69170858348207,yolo_672-fp16.tflite_d1_m2_t1.log
72,2.157136,0.431632,80.1,2.6,99.82151549570014,yolo_672-fp16.tflite_d1_m2_t1.log
73,2.157136,0.431632,80.1,3.6,100.0,yolo_672-fp16.tflite_d1_m2_t1.log
0,1.797196,0.069676,49.516,6.9,0.34057735971456377,yolo_768-fp16.tflite_d1_m2_t1.log
1,1.830076,0.124092,79.216,100.0,5.238404151800195,yolo_768-fp16.tflite_d1_m2_t1.log
2,1.837808,0.1291,79.628,99.7,10.120012974375609,yolo_768-fp16.tflite_d1_m2_t1.log
3,1.837808,0.129688,79.82,100.3,15.034057735971457,yolo_768-fp16.tflite_d1_m2_t1.log
4,1.837808,0.129736,79.82,100.0,19.931884528057086,yolo_768-fp16.tflite_d1_m2_t1.log
5,1.837808,0.129744,79.82,99.7,24.813493350632505,yolo_768-fp16.tflite_d1_m2_t1.log
6,1.837808,0.130196,79.82,100.3,29.727538112228345,yolo_768-fp16.tflite_d1_m2_t1.log
7,1.829752,0.130576,79.82,100.0,34.62536490431398,yolo_768-fp16.tflite_d1_m2_t1.log
8,1.829752,0.130764,79.82,100.0,39.523191696399614,yolo_768-fp16.tflite_d1_m2_t1.log
9,1.84164,0.135052,79.82,99.7,44.40480051897502,yolo_768-fp16.tflite_d1_m2_t1.log
10,1.84164,0.135052,79.82,100.3,49.318845280570876,yolo_768-fp16.tflite_d1_m2_t1.log
11,1.842052,0.13674,80.516,100.0,54.2166720726565,yolo_768-fp16.tflite_d1_m2_t1.log
12,1.843296,0.137468,79.82,100.0,59.11449886474214,yolo_768-fp16.tflite_d1_m2_t1.log
13,1.843296,0.137596,79.924,100.0,63.99610768731755,yolo_768-fp16.tflite_d1_m2_t1.log
14,1.843296,0.137596,79.924,100.3,68.9101524489134,yolo_768-fp16.tflite_d1_m2_t1.log
15,1.843444,0.13764,79.924,99.7,73.79176127148881,yolo_768-fp16.tflite_d1_m2_t1.log
16,1.843444,0.13764,79.924,100.0,78.68958806357445,yolo_768-fp16.tflite_d1_m2_t1.log
17,1.837672,0.132016,79.968,100.3,83.6036328251703,yolo_768-fp16.tflite_d1_m2_t1.log
18,1.837672,0.132024,79.968,100.0,88.50145961725593,yolo_768-fp16.tflite_d1_m2_t1.log
19,2.155056,0.43278,80.836,78.1,92.32890042166721,yolo_768-fp16.tflite_d1_m2_t1.log
20,2.16406,0.44048,80.836,3.6,92.5072980862796,yolo_768-fp16.tflite_d1_m2_t1.log
21,2.16406,0.44048,80.836,3.3,92.66947778138179,yolo_768-fp16.tflite_d1_m2_t1.log
22,2.16406,0.44048,80.836,3.3,92.83165747648395,yolo_768-fp16.tflite_d1_m2_t1.log
23,2.16406,0.44048,80.836,2.3,92.94518326305547,yolo_768-fp16.tflite_d1_m2_t1.log
24,2.16406,0.44048,80.836,3.3,93.10736295815764,yolo_768-fp16.tflite_d1_m2_t1.log
25,2.16406,0.44048,80.836,3.3,93.26954265325982,yolo_768-fp16.tflite_d1_m2_t1.log
26,2.16406,0.44048,80.836,2.3,93.38306843983133,yolo_768-fp16.tflite_d1_m2_t1.log
27,2.16406,0.44048,80.836,3.0,93.5290301654233,yolo_768-fp16.tflite_d1_m2_t1.log
28,2.16406,0.44048,80.836,3.3,93.69120986052548,yolo_768-fp16.tflite_d1_m2_t1.log
29,2.16406,0.44048,80.836,3.3,93.85338955562763,yolo_768-fp16.tflite_d1_m2_t1.log
30,2.16406,0.44048,80.836,2.3,93.96691534219916,yolo_768-fp16.tflite_d1_m2_t1.log
31,2.16406,0.44048,80.836,3.3,94.12909503730134,yolo_768-fp16.tflite_d1_m2_t1.log
32,2.16406,0.44048,80.836,3.0,94.2750567628933,yolo_768-fp16.tflite_d1_m2_t1.log
33,2.16406,0.44048,80.836,3.3,94.43723645799545,yolo_768-fp16.tflite_d1_m2_t1.log
34,2.16406,0.44048,80.836,2.6,94.5669802140772,yolo_768-fp16.tflite_d1_m2_t1.log
35,2.16406,0.44048,80.836,3.0,94.71294193966916,yolo_768-fp16.tflite_d1_m2_t1.log
36,2.16406,0.44048,80.836,3.3,94.87512163477133,yolo_768-fp16.tflite_d1_m2_t1.log
37,2.16406,0.44048,80.836,3.3,95.0373013298735,yolo_768-fp16.tflite_d1_m2_t1.log
38,2.16406,0.44048,80.836,2.3,95.15082711644503,yolo_768-fp16.tflite_d1_m2_t1.log
39,2.16406,0.44048,80.836,3.3,95.31300681154721,yolo_768-fp16.tflite_d1_m2_t1.log
40,2.16406,0.44048,80.836,3.3,95.47518650664937,yolo_768-fp16.tflite_d1_m2_t1.log
41,2.16406,0.44048,80.836,2.6,95.60493026273112,yolo_768-fp16.tflite_d1_m2_t1.log
42,2.16406,0.44048,80.836,2.6,95.73467401881285,yolo_768-fp16.tflite_d1_m2_t1.log
43,2.16406,0.44048,80.836,3.3,95.89685371391504,yolo_768-fp16.tflite_d1_m2_t1.log
44,2.16406,0.44048,80.836,3.3,96.05903340901719,yolo_768-fp16.tflite_d1_m2_t1.log
45,2.16406,0.44048,80.836,2.3,96.17255919558872,yolo_768-fp16.tflite_d1_m2_t1.log
46,2.16406,0.44048,80.836,3.6,96.3509568602011,yolo_768-fp16.tflite_d1_m2_t1.log
47,2.16406,0.44048,80.836,3.0,96.49691858579307,yolo_768-fp16.tflite_d1_m2_t1.log
48,2.16406,0.44048,80.836,3.3,96.65909828089524,yolo_768-fp16.tflite_d1_m2_t1.log
49,2.16406,0.44048,80.836,2.3,96.77262406746677,yolo_768-fp16.tflite_d1_m2_t1.log
50,2.16406,0.44048,80.836,3.3,96.93480376256893,yolo_768-fp16.tflite_d1_m2_t1.log
51,2.16406,0.44048,80.836,3.3,97.0969834576711,yolo_768-fp16.tflite_d1_m2_t1.log
52,2.16406,0.44048,80.836,3.0,97.24294518326306,yolo_768-fp16.tflite_d1_m2_t1.log
53,2.16406,0.44048,80.836,2.6,97.3726889393448,yolo_768-fp16.tflite_d1_m2_t1.log
54,2.16406,0.44048,80.836,3.0,97.51865066493676,yolo_768-fp16.tflite_d1_m2_t1.log
55,2.16406,0.44048,80.836,3.3,97.68083036003893,yolo_768-fp16.tflite_d1_m2_t1.log
56,2.16406,0.44048,80.836,2.3,97.79435614661045,yolo_768-fp16.tflite_d1_m2_t1.log
57,2.16406,0.44048,80.836,3.3,97.95653584171262,yolo_768-fp16.tflite_d1_m2_t1.log
58,2.16406,0.44048,80.836,3.3,98.11871553681479,yolo_768-fp16.tflite_d1_m2_t1.log
59,2.16406,0.44048,80.836,3.0,98.26467726240675,yolo_768-fp16.tflite_d1_m2_t1.log
60,2.16406,0.44048,80.836,2.6,98.3944210184885,yolo_768-fp16.tflite_d1_m2_t1.log
61,2.16406,0.44048,80.836,3.0,98.54038274408045,yolo_768-fp16.tflite_d1_m2_t1.log
62,2.16406,0.44048,80.836,3.6,98.71878040869284,yolo_768-fp16.tflite_d1_m2_t1.log
63,2.16406,0.44048,80.836,3.0,98.8647421342848,yolo_768-fp16.tflite_d1_m2_t1.log
64,2.16406,0.44048,80.836,2.3,98.97826792085631,yolo_768-fp16.tflite_d1_m2_t1.log
65,2.16406,0.44048,80.836,3.3,99.1404476159585,yolo_768-fp16.tflite_d1_m2_t1.log
66,2.16406,0.44048,80.836,3.3,99.30262731106066,yolo_768-fp16.tflite_d1_m2_t1.log
67,2.16406,0.44048,80.836,2.3,99.41615309763218,yolo_768-fp16.tflite_d1_m2_t1.log
68,2.16406,0.44048,80.836,3.3,99.57833279273434,yolo_768-fp16.tflite_d1_m2_t1.log
69,2.16406,0.44048,80.836,3.3,99.74051248783653,yolo_768-fp16.tflite_d1_m2_t1.log
70,2.16406,0.44048,80.836,3.0,99.88647421342849,yolo_768-fp16.tflite_d1_m2_t1.log
71,2.16406,0.44048,80.836,2.3,100.0,yolo_768-fp16.tflite_d1_m2_t1.log
0,1.797372,0.06992,49.924,7.0,0.3063010501750292,yolo_1152-fp16.tflite_d1_m2_t1.log
1,1.834072,0.128736,79.972,100.0,4.711201866977829,yolo_1152-fp16.tflite_d1_m2_t1.log
2,1.841772,0.133884,80.512,100.0,9.11610268378063,yolo_1152-fp16.tflite_d1_m2_t1.log
3,1.841772,0.134468,80.704,100.0,13.52100350058343,yolo_1152-fp16.tflite_d1_m2_t1.log
4,1.841772,0.134516,80.704,100.0,17.92590431738623,yolo_1152-fp16.tflite_d1_m2_t1.log
5,1.841772,0.134524,80.704,99.7,22.31621936989498,yolo_1152-fp16.tflite_d1_m2_t1.log
6,1.841772,0.134976,80.704,100.0,26.72112018669778,yolo_1152-fp16.tflite_d1_m2_t1.log
7,1.833716,0.13536,80.704,100.3,31.140606767794633,yolo_1152-fp16.tflite_d1_m2_t1.log
8,1.833716,0.135544,80.704,99.7,35.53092182030338,yolo_1152-fp16.tflite_d1_m2_t1.log
9,1.837544,0.1399,80.768,100.3,39.95040840140023,yolo_1152-fp16.tflite_d1_m2_t1.log
10,1.837544,0.140516,80.768,100.0,44.35530921820303,yolo_1152-fp16.tflite_d1_m2_t1.log
11,1.837544,0.140572,80.768,100.0,48.76021003500583,yolo_1152-fp16.tflite_d1_m2_t1.log
12,1.8456,0.140572,80.768,100.0,53.16511085180864,yolo_1152-fp16.tflite_d1_m2_t1.log
13,1.848668,0.140572,80.768,100.0,57.57001166861143,yolo_1152-fp16.tflite_d1_m2_t1.log
14,1.851548,0.146572,81.616,99.7,61.96032672112018,yolo_1152-fp16.tflite_d1_m2_t1.log
15,1.851548,0.147152,81.616,100.3,66.37981330221703,yolo_1152-fp16.tflite_d1_m2_t1.log
16,1.851548,0.14648,80.86,100.0,70.78471411901984,yolo_1152-fp16.tflite_d1_m2_t1.log
17,1.851548,0.14648,80.86,100.0,75.18961493582263,yolo_1152-fp16.tflite_d1_m2_t1.log
18,1.851548,0.146536,80.86,100.0,79.59451575262544,yolo_1152-fp16.tflite_d1_m2_t1.log
19,1.851548,0.146536,80.86,99.7,83.98483080513418,yolo_1152-fp16.tflite_d1_m2_t1.log
20,1.845612,0.1409,80.86,100.3,88.40431738623103,yolo_1152-fp16.tflite_d1_m2_t1.log
21,1.837556,0.140932,80.86,99.7,92.79463243873978,yolo_1152-fp16.tflite_d1_m2_t1.log
22,2.190876,0.450264,81.664,67.2,95.75554259043174,yolo_1152-fp16.tflite_d1_m2_t1.log
23,2.208028,0.467484,81.664,3.3,95.90140023337223,yolo_1152-fp16.tflite_d1_m2_t1.log
24,2.208028,0.467484,81.664,2.3,96.00350058343055,yolo_1152-fp16.tflite_d1_m2_t1.log
25,2.208028,0.467484,81.664,1.3,96.06184364060675,yolo_1152-fp16.tflite_d1_m2_t1.log
26,2.208028,0.467484,81.664,2.3,96.16394399066512,yolo_1152-fp16.tflite_d1_m2_t1.log
27,2.208028,0.467484,81.664,2.3,96.26604434072345,yolo_1152-fp16.tflite_d1_m2_t1.log
28,2.208028,0.467484,81.664,1.0,96.3098016336056,yolo_1152-fp16.tflite_d1_m2_t1.log
29,2.208028,0.467484,81.664,2.6,96.42648774795799,yolo_1152-fp16.tflite_d1_m2_t1.log
30,2.208028,0.467484,81.664,2.3,96.52858809801634,yolo_1152-fp16.tflite_d1_m2_t1.log
31,2.208028,0.467484,81.664,2.3,96.63068844807468,yolo_1152-fp16.tflite_d1_m2_t1.log
32,2.208028,0.467484,81.664,1.3,96.68903150525088,yolo_1152-fp16.tflite_d1_m2_t1.log
33,2.208028,0.467484,81.664,2.3,96.7911318553092,yolo_1152-fp16.tflite_d1_m2_t1.log
34,2.208028,0.467484,81.664,2.3,96.89323220536757,yolo_1152-fp16.tflite_d1_m2_t1.log
35,2.208028,0.46768,81.664,2.3,96.9953325554259,yolo_1152-fp16.tflite_d1_m2_t1.log
36,2.208028,0.46768,81.664,1.3,97.0536756126021,yolo_1152-fp16.tflite_d1_m2_t1.log
37,2.208028,0.46768,81.664,2.3,97.15577596266044,yolo_1152-fp16.tflite_d1_m2_t1.log
38,2.208028,0.46768,81.664,2.3,97.25787631271879,yolo_1152-fp16.tflite_d1_m2_t1.log
39,2.208028,0.46768,81.664,1.3,97.31621936989498,yolo_1152-fp16.tflite_d1_m2_t1.log
40,2.208028,0.46768,81.664,2.3,97.41831971995333,yolo_1152-fp16.tflite_d1_m2_t1.log
41,2.208028,0.46768,81.664,2.3,97.52042007001165,yolo_1152-fp16.tflite_d1_m2_t1.log
42,2.208028,0.46768,81.664,2.3,97.62252042007002,yolo_1152-fp16.tflite_d1_m2_t1.log
43,2.208028,0.46768,81.664,1.0,97.66627771295214,yolo_1152-fp16.tflite_d1_m2_t1.log
44,2.208028,0.46768,81.664,2.6,97.78296382730456,yolo_1152-fp16.tflite_d1_m2_t1.log
45,2.208028,0.46768,81.664,2.3,97.88506417736289,yolo_1152-fp16.tflite_d1_m2_t1.log
46,2.208028,0.46768,81.664,2.6,98.00175029171528,yolo_1152-fp16.tflite_d1_m2_t1.log
47,2.208028,0.46768,81.664,1.0,98.04550758459743,yolo_1152-fp16.tflite_d1_m2_t1.log
48,2.208028,0.46768,81.664,2.3,98.14760793465578,yolo_1152-fp16.tflite_d1_m2_t1.log
49,2.208028,0.46768,81.664,2.3,98.2497082847141,yolo_1152-fp16.tflite_d1_m2_t1.log
50,2.208028,0.46768,81.664,2.3,98.35180863477247,yolo_1152-fp16.tflite_d1_m2_t1.log
51,2.208028,0.46768,81.664,1.7,98.42473745624271,yolo_1152-fp16.tflite_d1_m2_t1.log
52,2.208028,0.46768,81.664,2.0,98.512252042007,yolo_1152-fp16.tflite_d1_m2_t1.log
53,2.208028,0.46768,81.664,2.6,98.6289381563594,yolo_1152-fp16.tflite_d1_m2_t1.log
54,2.208028,0.46768,81.664,1.0,98.67269544924154,yolo_1152-fp16.tflite_d1_m2_t1.log
55,2.208028,0.46768,81.664,2.6,98.78938156359393,yolo_1152-fp16.tflite_d1_m2_t1.log
56,2.208028,0.46768,81.664,2.3,98.89148191365227,yolo_1152-fp16.tflite_d1_m2_t1.log
57,2.208028,0.46768,81.664,2.6,99.00816802800466,yolo_1152-fp16.tflite_d1_m2_t1.log
58,2.208028,0.46768,81.664,1.0,99.0519253208868,yolo_1152-fp16.tflite_d1_m2_t1.log
59,2.208028,0.46768,81.664,2.3,99.15402567094516,yolo_1152-fp16.tflite_d1_m2_t1.log
60,2.208028,0.46768,81.664,2.3,99.25612602100348,yolo_1152-fp16.tflite_d1_m2_t1.log
61,2.208028,0.46768,81.664,2.3,99.35822637106185,yolo_1152-fp16.tflite_d1_m2_t1.log
62,2.208028,0.46768,81.664,1.3,99.41656942823803,yolo_1152-fp16.tflite_d1_m2_t1.log
63,2.208028,0.46768,81.664,2.3,99.51866977829638,yolo_1152-fp16.tflite_d1_m2_t1.log
64,2.208028,0.46768,81.664,2.3,99.62077012835472,yolo_1152-fp16.tflite_d1_m2_t1.log
65,2.208028,0.46768,81.664,1.3,99.67911318553092,yolo_1152-fp16.tflite_d1_m2_t1.log
66,2.208028,0.46768,81.664,2.3,99.78121353558926,yolo_1152-fp16.tflite_d1_m2_t1.log
67,2.208028,0.46768,81.664,2.6,99.89789964994165,yolo_1152-fp16.tflite_d1_m2_t1.log
68,2.208028,0.46768,81.664,2.3,100.0,yolo_1152-fp16.tflite_d1_m2_t1.log
0,1.796004,0.06692,48.072,6.6,0.29398794649419374,yolo_1440-fp16.tflite_d1_m2_t1.log
1,1.834488,0.128184,79.056,99.7,4.718506541231809,yolo_1440-fp16.tflite_d1_m2_t1.log
2,1.842188,0.13312,79.404,100.0,9.157724533294136,yolo_1440-fp16.tflite_d1_m2_t1.log
3,1.842188,0.133724,79.596,100.0,13.596942525356459,yolo_1440-fp16.tflite_d1_m2_t1.log
4,1.842188,0.133768,79.596,100.3,18.050859914743494,yolo_1440-fp16.tflite_d1_m2_t1.log
5,1.842188,0.133776,79.596,99.7,22.475378509481107,yolo_1440-fp16.tflite_d1_m2_t1.log
6,1.842188,0.13422,79.596,100.3,26.929295898868144,yolo_1440-fp16.tflite_d1_m2_t1.log
7,1.834132,0.134608,79.596,99.7,31.353814493605757,yolo_1440-fp16.tflite_d1_m2_t1.log
8,1.834132,0.134796,79.596,100.0,35.79303248566809,yolo_1440-fp16.tflite_d1_m2_t1.log
9,1.83796,0.139192,79.704,100.0,40.23225047773041,yolo_1440-fp16.tflite_d1_m2_t1.log
10,1.83796,0.139832,79.704,100.0,44.67146846979274,yolo_1440-fp16.tflite_d1_m2_t1.log
11,1.83796,0.13986,79.704,100.3,49.12538585917978,yolo_1440-fp16.tflite_d1_m2_t1.log
12,1.846016,0.13986,79.704,100.0,53.5646038512421,yolo_1440-fp16.tflite_d1_m2_t1.log
13,1.846016,0.13986,79.704,99.7,57.98912244597971,yolo_1440-fp16.tflite_d1_m2_t1.log
14,1.851336,0.145868,80.516,100.0,62.42834043804204,yolo_1440-fp16.tflite_d1_m2_t1.log
15,1.851336,0.145184,79.704,100.0,66.86755843010437,yolo_1440-fp16.tflite_d1_m2_t1.log
16,1.851336,0.145252,79.764,100.0,71.30677642216668,yolo_1440-fp16.tflite_d1_m2_t1.log
17,1.851336,0.145252,79.764,100.0,75.74599441422902,yolo_1440-fp16.tflite_d1_m2_t1.log
18,1.851336,0.145316,79.764,100.0,80.18521240629134,yolo_1440-fp16.tflite_d1_m2_t1.log
19,1.851336,0.145316,79.764,99.7,84.60973100102896,yolo_1440-fp16.tflite_d1_m2_t1.log
20,1.845904,0.13984,79.812,100.3,89.06364839041599,yolo_1440-fp16.tflite_d1_m2_t1.log
21,1.845904,0.13988,79.812,100.0,93.50286638247832,yolo_1440-fp16.tflite_d1_m2_t1.log
22,2.212656,0.45802,80.676,70.9,96.64853740996618,yolo_1440-fp16.tflite_d1_m2_t1.log
23,2.239868,0.484984,80.676,2.6,96.76613258856386,yolo_1440-fp16.tflite_d1_m2_t1.log
24,2.239868,0.484984,80.676,1.7,96.83962957518742,yolo_1440-fp16.tflite_d1_m2_t1.log
25,2.239868,0.484984,80.676,1.7,96.91312656181097,yolo_1440-fp16.tflite_d1_m2_t1.log
26,2.239868,0.484984,80.676,1.7,96.98662354843451,yolo_1440-fp16.tflite_d1_m2_t1.log
27,2.239868,0.485224,80.676,3.3,97.1336175216816,yolo_1440-fp16.tflite_d1_m2_t1.log
28,2.239868,0.485224,80.676,1.3,97.19241511098046,yolo_1440-fp16.tflite_d1_m2_t1.log
29,2.239868,0.485224,80.676,1.7,97.265912097604,yolo_1440-fp16.tflite_d1_m2_t1.log
30,2.239868,0.485224,80.676,1.7,97.33940908422754,yolo_1440-fp16.tflite_d1_m2_t1.log
31,2.239868,0.485224,80.676,1.3,97.39820667352639,yolo_1440-fp16.tflite_d1_m2_t1.log
32,2.239868,0.485224,80.676,1.7,97.47170366014993,yolo_1440-fp16.tflite_d1_m2_t1.log
33,2.239868,0.485224,80.676,3.3,97.61869763339702,yolo_1440-fp16.tflite_d1_m2_t1.log
34,2.239868,0.485224,80.676,1.3,97.67749522269588,yolo_1440-fp16.tflite_d1_m2_t1.log
35,2.239868,0.485224,80.676,1.7,97.75099220931942,yolo_1440-fp16.tflite_d1_m2_t1.log
36,2.239868,0.485224,80.676,1.7,97.82448919594296,yolo_1440-fp16.tflite_d1_m2_t1.log
37,2.239868,0.485224,80.676,1.7,97.89798618256651,yolo_1440-fp16.tflite_d1_m2_t1.log
38,2.239868,0.485224,80.676,1.3,97.95678377186535,yolo_1440-fp16.tflite_d1_m2_t1.log
39,2.239868,0.485224,80.676,3.3,98.10377774511244,yolo_1440-fp16.tflite_d1_m2_t1.log
40,2.239868,0.485224,80.676,1.7,98.177274731736,yolo_1440-fp16.tflite_d1_m2_t1.log
41,2.239868,0.485224,80.676,1.3,98.23607232103483,yolo_1440-fp16.tflite_d1_m2_t1.log
42,2.239868,0.485224,80.676,1.7,98.30956930765838,yolo_1440-fp16.tflite_d1_m2_t1.log
43,2.239868,0.485224,80.676,1.7,98.38306629428195,yolo_1440-fp16.tflite_d1_m2_t1.log
44,2.239868,0.485224,80.676,1.7,98.45656328090548,yolo_1440-fp16.tflite_d1_m2_t1.log
45,2.239868,0.485224,80.676,3.0,98.58885785682786,yolo_1440-fp16.tflite_d1_m2_t1.log
46,2.239868,0.485224,80.676,1.7,98.66235484345142,yolo_1440-fp16.tflite_d1_m2_t1.log
47,2.239868,0.485224,80.676,1.7,98.73585183007498,yolo_1440-fp16.tflite_d1_m2_t1.log
48,2.239868,0.485224,80.676,1.3,98.7946494193738,yolo_1440-fp16.tflite_d1_m2_t1.log
49,2.239868,0.485224,80.676,1.7,98.86814640599736,yolo_1440-fp16.tflite_d1_m2_t1.log
50,2.239868,0.485224,80.676,1.7,98.9416433926209,yolo_1440-fp16.tflite_d1_m2_t1.log
51,2.239868,0.485224,80.676,3.0,99.0739379685433,yolo_1440-fp16.tflite_d1_m2_t1.log
52,2.239868,0.485224,80.676,1.7,99.14743495516683,yolo_1440-fp16.tflite_d1_m2_t1.log
53,2.239868,0.485224,80.676,1.3,99.20623254446566,yolo_1440-fp16.tflite_d1_m2_t1.log
54,2.239868,0.485224,80.676,1.7,99.27972953108923,yolo_1440-fp16.tflite_d1_m2_t1.log
55,2.239868,0.485224,80.676,1.7,99.35322651771278,yolo_1440-fp16.tflite_d1_m2_t1.log
56,2.239868,0.485224,80.676,1.7,99.42672350433632,yolo_1440-fp16.tflite_d1_m2_t1.log
57,2.239868,0.485224,80.676,1.7,99.50022049095986,yolo_1440-fp16.tflite_d1_m2_t1.log
58,2.239868,0.485224,80.676,3.0,99.63251506688225,yolo_1440-fp16.tflite_d1_m2_t1.log
59,2.239868,0.485224,80.676,1.7,99.7060120535058,yolo_1440-fp16.tflite_d1_m2_t1.log
60,2.239868,0.485224,80.676,1.7,99.77950904012934,yolo_1440-fp16.tflite_d1_m2_t1.log
61,2.239868,0.485224,80.676,1.3,99.8383066294282,yolo_1440-fp16.tflite_d1_m2_t1.log
62,2.239868,0.485224,80.676,1.7,99.91180361605174,yolo_1440-fp16.tflite_d1_m2_t1.log
63,2.239868,0.485224,80.676,2.0,100.0,yolo_1440-fp16.tflite_d1_m2_t1.log
0,1.797516,0.069836,49.864,6.9,0.30421555845284654,yolo_2080-fp16.tflite_d1_m2_t1.log
1,1.835724,0.129816,79.564,100.0,4.679125018108069,yolo_2080-fp16.tflite_d1_m2_t1.log
2,1.843456,0.134824,79.976,100.0,9.054034477763292,yolo_2080-fp16.tflite_d1_m2_t1.log
3,1.843456,0.135416,80.168,100.0,13.428943937418513,yolo_2080-fp16.tflite_d1_m2_t1.log
4,1.843456,0.13546,80.168,100.0,17.803853397073734,yolo_2080-fp16.tflite_d1_m2_t1.log
5,1.843456,0.13546,80.168,100.0,22.17876285672896,yolo_2080-fp16.tflite_d1_m2_t1.log
6,1.843456,0.1359,80.168,100.0,26.55367231638418,yolo_2080-fp16.tflite_d1_m2_t1.log
7,1.8354,0.136292,80.168,100.3,30.943068231203824,yolo_2080-fp16.tflite_d1_m2_t1.log
8,1.8354,0.13648,80.168,99.7,35.30349123569463,yolo_2080-fp16.tflite_d1_m2_t1.log
9,1.847288,0.140868,80.276,100.3,39.69288715051427,yolo_2080-fp16.tflite_d1_m2_t1.log
10,1.839232,0.141428,80.276,99.7,44.05331015500507,yolo_2080-fp16.tflite_d1_m2_t1.log
11,1.839232,0.141536,80.276,100.0,48.42821961466029,yolo_2080-fp16.tflite_d1_m2_t1.log
12,1.847288,0.141536,80.276,100.0,52.803129074315514,yolo_2080-fp16.tflite_d1_m2_t1.log
13,1.85036,0.141536,80.276,100.0,57.178038533970735,yolo_2080-fp16.tflite_d1_m2_t1.log
14,1.85324,0.147452,81.012,100.0,61.55294799362596,yolo_2080-fp16.tflite_d1_m2_t1.log
15,1.85324,0.147384,80.336,100.0,65.92785745328118,yolo_2080-fp16.tflite_d1_m2_t1.log
16,1.85324,0.147416,80.336,100.0,70.3027669129364,yolo_2080-fp16.tflite_d1_m2_t1.log
17,1.85324,0.147416,80.336,100.3,74.69216282775605,yolo_2080-fp16.tflite_d1_m2_t1.log
18,1.85324,0.147516,80.336,99.7,79.05258583224685,yolo_2080-fp16.tflite_d1_m2_t1.log
19,1.857652,0.151104,81.072,100.0,83.42749529190208,yolo_2080-fp16.tflite_d1_m2_t1.log
20,1.851212,0.14542,80.384,100.0,87.80240475155729,yolo_2080-fp16.tflite_d1_m2_t1.log
21,2.193068,0.205704,81.052,100.0,92.17731421121252,yolo_2080-fp16.tflite_d1_m2_t1.log
22,2.283872,0.49002,81.304,58.3,94.72693032015066,yolo_2080-fp16.tflite_d1_m2_t1.log
23,2.290112,0.496256,81.304,6.0,94.98768651311022,yolo_2080-fp16.tflite_d1_m2_t1.log
24,2.290112,0.496256,81.304,5.0,95.20498334057656,yolo_2080-fp16.tflite_d1_m2_t1.log
25,2.290112,0.496256,81.304,5.0,95.42228016804289,yolo_2080-fp16.tflite_d1_m2_t1.log
26,2.290112,0.496256,81.304,5.0,95.63957699550919,yolo_2080-fp16.tflite_d1_m2_t1.log
27,2.290112,0.496256,81.304,5.0,95.85687382297552,yolo_2080-fp16.tflite_d1_m2_t1.log
28,2.340816,0.507072,81.304,0.7,95.88584673330436,yolo_2080-fp16.tflite_d1_m2_t1.log
29,2.290112,0.496256,81.304,4.3,96.07417065044183,yolo_2080-fp16.tflite_d1_m2_t1.log
30,2.290112,0.496256,81.304,5.0,96.29146747790816,yolo_2080-fp16.tflite_d1_m2_t1.log
31,2.290112,0.496256,81.304,5.0,96.50876430537448,yolo_2080-fp16.tflite_d1_m2_t1.log
32,2.290112,0.496256,81.304,5.0,96.72606113284078,yolo_2080-fp16.tflite_d1_m2_t1.log
33,2.290112,0.496256,81.304,5.0,96.94335796030711,yolo_2080-fp16.tflite_d1_m2_t1.log
34,2.290112,0.496256,81.304,5.0,97.16065478777341,yolo_2080-fp16.tflite_d1_m2_t1.log
35,2.290112,0.496256,81.304,5.0,97.37795161523974,yolo_2080-fp16.tflite_d1_m2_t1.log
36,2.290112,0.496256,81.304,5.0,97.59524844270608,yolo_2080-fp16.tflite_d1_m2_t1.log
37,2.290112,0.496256,81.304,5.0,97.81254527017238,yolo_2080-fp16.tflite_d1_m2_t1.log
38,2.290112,0.496256,81.304,5.0,98.0298420976387,yolo_2080-fp16.tflite_d1_m2_t1.log
39,2.290112,0.496256,81.304,5.0,98.24713892510502,yolo_2080-fp16.tflite_d1_m2_t1.log
40,2.340816,0.526612,81.304,2.0,98.33405765609155,yolo_2080-fp16.tflite_d1_m2_t1.log
41,2.290112,0.496256,81.304,3.0,98.46443575257135,yolo_2080-fp16.tflite_d1_m2_t1.log
42,2.290112,0.496256,81.304,5.0,98.68173258003768,yolo_2080-fp16.tflite_d1_m2_t1.log
43,2.290112,0.496256,81.304,5.0,98.89902940750397,yolo_2080-fp16.tflite_d1_m2_t1.log
44,2.290112,0.496256,81.304,5.3,99.13081269013473,yolo_2080-fp16.tflite_d1_m2_t1.log
45,2.290112,0.496256,81.304,5.0,99.34810951760103,yolo_2080-fp16.tflite_d1_m2_t1.log
46,2.290112,0.496256,81.304,5.0,99.56540634506736,yolo_2080-fp16.tflite_d1_m2_t1.log
47,2.290112,0.496256,81.304,5.0,99.78270317253367,yolo_2080-fp16.tflite_d1_m2_t1.log
48,2.290112,0.496256,81.304,5.0,100.0,yolo_2080-fp16.tflite_d1_m2_t1.log
0,1.798888,0.071552,50.492,6.9,0.30338052585957814,yolo_3360-fp16.tflite_d1_m2_t1.log
1,1.83962,0.133828,80.268,100.3,4.680728113262064,yolo_3360-fp16.tflite_d1_m2_t1.log
2,1.847352,0.138784,80.616,99.7,9.029182317249349,yolo_3360-fp16.tflite_d1_m2_t1.log
3,1.847352,0.139372,80.808,100.0,13.392083212944236,yolo_3360-fp16.tflite_d1_m2_t1.log
4,1.847352,0.13942,80.808,100.0,17.75498410863912,yolo_3360-fp16.tflite_d1_m2_t1.log
5,1.847352,0.139428,80.808,99.7,22.103438312626412,yolo_3360-fp16.tflite_d1_m2_t1.log
6,1.847352,0.139872,80.808,100.3,26.48078590002889,yolo_3360-fp16.tflite_d1_m2_t1.log
7,1.839296,0.140256,80.808,100.0,30.84368679572378,yolo_3360-fp16.tflite_d1_m2_t1.log
8,1.839296,0.140444,80.808,100.0,35.20658769141867,yolo_3360-fp16.tflite_d1_m2_t1.log
9,1.851348,0.144996,80.916,100.0,39.569488587113554,yolo_3360-fp16.tflite_d1_m2_t1.log
10,1.843292,0.145424,80.916,100.0,43.93238948280844,yolo_3360-fp16.tflite_d1_m2_t1.log
11,1.843292,0.145664,80.916,99.7,48.28084368679573,yolo_3360-fp16.tflite_d1_m2_t1.log
12,1.851348,0.145664,80.916,100.3,52.65819127419822,yolo_3360-fp16.tflite_d1_m2_t1.log
13,1.851348,0.145664,80.916,99.7,57.006645478185504,yolo_3360-fp16.tflite_d1_m2_t1.log
14,1.85906,0.15152,81.728,100.3,61.38399306558798,yolo_3360-fp16.tflite_d1_m2_t1.log
15,1.85906,0.150884,80.976,99.7,65.73244726957526,yolo_3360-fp16.tflite_d1_m2_t1.log
16,1.85906,0.150892,80.976,100.0,70.09534816527015,yolo_3360-fp16.tflite_d1_m2_t1.log
17,1.85906,0.150892,80.976,100.3,74.47269575267264,yolo_3360-fp16.tflite_d1_m2_t1.log
18,1.85906,0.151076,80.976,99.7,78.82114995665994,yolo_3360-fp16.tflite_d1_m2_t1.log
19,1.862504,0.153676,81.788,100.0,83.1840508523548,yolo_3360-fp16.tflite_d1_m2_t1.log
20,1.855004,0.146948,80.976,100.3,87.5613984397573,yolo_3360-fp16.tflite_d1_m2_t1.log
21,2.2885,0.222508,81.6,99.7,91.90985264374459,yolo_3360-fp16.tflite_d1_m2_t1.log
22,2.489804,0.567348,76.092,88.7,95.78156602138111,yolo_3360-fp16.tflite_d1_m2_t1.log
23,2.506084,0.577992,70.46,13.9,96.38832707310026,yolo_3360-fp16.tflite_d1_m2_t1.log
24,2.506084,0.577992,70.46,11.6,96.89396128286621,yolo_3360-fp16.tflite_d1_m2_t1.log
25,2.506084,0.577992,70.46,11.6,97.3995954926322,yolo_3360-fp16.tflite_d1_m2_t1.log
26,2.506084,0.577992,70.46,11.9,97.91967639410575,yolo_3360-fp16.tflite_d1_m2_t1.log
27,2.506084,0.577992,70.46,11.6,98.42531060387171,yolo_3360-fp16.tflite_d1_m2_t1.log
28,2.506084,0.577992,70.46,11.6,98.9309448136377,yolo_3360-fp16.tflite_d1_m2_t1.log
29,2.506084,0.577992,70.46,11.6,99.43657902340364,yolo_3360-fp16.tflite_d1_m2_t1.log
30,2.506084,0.577992,70.46,11.6,99.94221323316962,yolo_3360-fp16.tflite_d1_m2_t1.log
31,2.506084,0.384092,70.52,1.3,100.0,yolo_3360-fp16.tflite_d1_m2_t1.log
